GD,SGD,MSGD,NAGSGD,AdaGrad,RMSProp,ADAM
0.806744537035914,0.681721764451922,0.865112326859768,0.746717238191138,0.830543246334466,0.815048679555615,0.598329317868456
