GD,SGD,MSGD,NAGSGD,AdaGrad,RMSProp,Adam
0.5809589830814,0.561232823095493,0.566727540321747,0.636299954867187,0.602612335535429,0.604918008677241,0.60600332230135
