GD,SGD,MSGD,NAGSGD,AdaGrad,RMSProp,Adam
0.5809589830814,0.536547268779056,0.595681640967991,0.59436690713764,0.607621262750864,0.602447292339096,0.572045263306683
