LM,GD,SGD,MSGD,NAGSGD,AdaGrad,RMSProp,Adam
10.8550288741669,10.8550288741667,10.8135061498614,10.8315498906837,10.8701712413184,10.8581027099894,10.8395825861992,10.8592819779659
10.750248423905,10.7502472227779,10.7694272719017,10.7699960830604,10.7799951934665,10.7567287409699,10.7636001464183,10.7542528829484
0.202305531763304,0.202304256046358,0.223493252075773,0.214207761005788,0.223314446383147,0.18958589063106,0.213946154014491,0.189809568046362
-0.661524947768263,-0.66152538003088,-0.693699106505974,-0.65110324063026,-0.634888999513596,-0.665439895898269,-0.703987450660118,-0.650825499828381
0.0569564323317935,0.0569565537057685,0.0627890984160751,0.0500637810547639,0.0761622249948394,0.0403656404442499,0.0456348786223554,0.0741191812206532
0.023186727390909,0.0231866984017676,0.0546380684935033,0.0367851178173126,0.0554337821969872,0.0159839133668531,0.00654638679873492,0.0282096594667117
