GD,SGD,MSGD,NAGSGD,AdaGrad,RMSProp,ADAM
0.806744537035914,0.849242287596487,0.824446906348797,0.788319106743095,0.693659663862,0.717535119654517,0.678214198321337
