LM,GD,SGD,MSGD,NAGSGD,AdaGrad,RMSProp,Adam
10.8550288741669,10.8550288741667,10.8344585060567,10.8544045357274,10.8517749826473,10.8508663553717,10.8450384563953,10.8490160278514
10.750248423905,10.7502472227779,10.7315041017091,10.7495829522707,10.7001413178552,10.7480767755912,10.723168747586,10.7487418542603
0.202305531763304,0.202304256046358,0.222437639851734,0.204880134823526,0.234468542787599,0.197723062883178,0.20455587753268,0.197189759230491
-0.661524947768263,-0.66152538003088,-0.670445827534787,-0.675941397144554,-0.669550304730922,-0.635478423150552,-0.666240044774584,-0.680177371695771
0.0569564323317935,0.0569565537057685,0.0615425551107023,0.0546632567391926,0.0419808969094964,0.0426908940842412,0.105099706075306,0.0480871214487738
0.023186727390909,0.0231866984017676,0.0321217047961055,0.0159496519388146,-0.0096492378108186,0.0367388568295735,0.0296909985663163,-0.00491640090542743
