LM,GD,SGD,MSGD,NAGSGD,AdaGrad,RMSProp,Adam
10.8550288741669,10.8550288741667,10.8380457886636,10.8545803030453,10.8430863433438,10.8522833297811,10.8522158670899,10.8593880989353
10.750248423905,10.7502472227779,10.769364183823,10.7358998757132,10.7306409807339,10.735967395281,10.7675864682732,10.7636818092669
0.202305531763304,0.202304256046358,0.232092855050759,0.207735780527291,0.18459965531179,0.200666609676631,0.171023698939113,0.186146776256647
-0.661524947768263,-0.66152538003088,-0.632010838231982,-0.683977221883781,-0.656374248556958,-0.632721518606736,-0.625920738833081,-0.6107827723359
0.0569564323317935,0.0569565537057685,0.0608722691024926,0.0493448776005618,0.0415207277239157,0.0738942434768691,0.010264975934542,0.0543010115390949
0.023186727390909,0.0231866984017676,0.0397483654643774,0.0306988427878943,0.0200611970424534,0.041543055809522,0.0109693035347658,0.0341728701867393
