LM,GD,SGD,MSGD,NAGSGD,AdaGrad,RMSProp,ADAM
-0.934043301922759,-0.934043301922699,-0.945781987144676,-0.885190583396891,-0.870136133826912,-0.917436811296585,-0.97905491511907,-0.902572174885075
1.37510094754996,1.37510094754988,1.35803278096503,1.36812971966084,1.32857846587543,1.35962927084306,1.38925775383146,1.36387175744771
