LM,GD,SGD,MSGD,NAGSGD,AdaGrad,RMSProp,ADAM
-0.934043301922759,-0.934043301922699,-0.915628504059545,-0.938760376653603,-0.991103066398893,-0.882669867539226,-0.951146325450896,-0.888866219401542
1.37510094754996,1.37510094754988,1.41349202841804,1.39893073503479,1.46023734833362,1.35453891826387,1.38348510563485,1.41080947500219
