LM,GD,SGD,MSGD,NAGSGD,AdaGrad,RMSProp,ADAM
-0.934043301922759,-0.934043301922699,-0.919189047872944,-0.965965861968721,-0.907986187917207,-0.928701836628768,-0.976094125593943,-0.954033746337935
1.37510094754996,1.37510094754988,1.35142278794442,1.38684245926097,1.39863019960275,1.37238046751373,1.38193163221145,1.35158661382589
