GD,SGD,MSGD,NAGSGD,AdaGrad,RMSProp,Adam
0.5809589830814,0.581521447817547,0.580486249700585,0.618111889182989,0.563661018280776,0.553955281205938,0.583411565978482
