GD,SGD,MSGD,NAGSGD,AdaGrad,RMSProp,ADAM
0.806744537035914,0.896592908517519,0.759541112810214,0.868015375801586,0.700507773171746,0.923660736276985,0.744936631443932
